{"W-output-y-log-std":[-0.5541503812802201,-0.3913880286599593,-0.7625715409525132,-0.47021637816742273,-0.533469116914256,-0.3487934411594794,-0.39476586946927616,-0.6068441208907935,-0.2917100546944958,-0.5251475535257525],"b-output-x-log-std":-1.8167526430871386,"b-output-y-mu":0.3424409640001621,"W-output-x-mu":[0.025977915119641128,0.6337005017427391,-0.613201243793353,0.5031422299648795,0.7531678423016062,0.4032194526258382,-0.20784677779782146,-0.7321730397165599,0.5032927092858976,0.024498921613840534],"b-hidden":[-0.12240139932249394,0.012725061785394832,0.014724567607704894,-0.10843028775678237,-0.10555529063553727,-0.11943181173573121,0.040004430804968794,-0.044617687966101265,-0.09128154837494265,-0.22093306251203942],"b-output-x-mu":-0.5393619659997345,"W-output-x-log-std":[0.033110420658829576,-0.08847712145707798,-0.0697130392652856,0.06296281880967601,-0.1032875679495645,0.04501363851023085,0.005926374142806889,-0.06523093311383325,0.035557070606371984,-0.15855351330753983],"b-output-y-log-std":0.5714268907342741,"W-hidden":[[-0.17470673987475213,-0.2344715317235768,0.3604715451055479,0.008650505897731977,0.06644782881270911,-0.12479357066633252,0.07194840212822119,0.032818077837937804,-0.1829005910545031,0.1542184894341524],[0.07365754218034876,-0.08671894634135308,0.09075994068933461,0.4248641839304907,-0.08465504752787983,0.10059364426926305,-0.16491859353106889,-0.06806571952172696,-0.14881186371195515,0.1366356519774829],[0.03935325451348912,0.10740480308269836,0.27315175126500385,-0.045611959070499815,-0.1597451209112582,0.11962424883926882,0.20679951820041043,0.05726554246029267,0.022822390949990952,0.11902402559501854],[0.0008659742275907182,0.010767950090037913,0.08234922687104179,-0.18363048322657996,0.005807432454184954,0.06659925872838471,0.19040512350490638,0.005270062225365798,-0.10620849520089082,-0.013563825873229718],[-0.026221704742601454,0.057209634032725006,0.04721716154788401,-0.13589429473809436,-0.15209911483170047,-0.08514101894713157,0.02154152907993104,0.1778287362596723,-0.23929719089756665,0.03013235229079527],[0.06551812386988914,-0.1145608935945704,0.2126974290520867,0.11765747166619682,-0.23139556558481472,-0.13164546324661747,0.07073694295388991,0.10076816997050878,0.06056949105028196,-0.006003526236958285],[0.11703513294703727,-0.2649169568845679,-7.680251932495698e-5,-0.07770906952985544,-0.17042014222043692,0.060881348508622056,-0.015865092428251588,-0.15479322939362222,-0.09023364430937834,-0.07882862393464592],[-0.1547694635917258,0.03776049559798437,-0.10677959536915621,0.11484329793755216,0.06345214591332474,0.06897392629339878,0.0104663182364106,0.04510367892050827,0.273020184897957,0.06023380654980067],[0.15670592666759312,-0.00814874911574119,0.09773540229853374,-0.09857680652046921,-0.06142263437735395,0.12354243578205945,0.09235516039200363,0.10343998171141786,0.135225156334884,-0.08139408991881612],[-0.15088322892442535,-0.032804273987194765,-0.18313212404165158,0.10067874943711799,0.13864037804602453,0.012207320150589706,-0.028015565045051954,0.00200173850966434,0.14302305516663721,0.014405945521260725],[-0.16208050304502303,0.0680250003558281,-0.15413257075907855,0.2523297878031688,-0.030483348209995216,0.035155046668230217,-0.0022432430778737147,-0.153470105281978,0.10190574274034771,0.08150440082662207],[0.10096615500019343,0.270490828303492,-0.09692541290108887,0.050458876226726075,0.32925621306773495,0.04941631366889771,-0.0074864644465613365,-0.184029047041212,0.16469709203684607,-0.06882110875101574],[0.03814648591581633,0.41709969003275527,-0.2876582459460308,0.2975187062427653,0.44680600989635655,0.24618159265768427,-0.09931347834345719,-0.42232738718471274,0.34545605044069144,0.08578498140154955],[0.01662499519776345,0.49935756693717304,-0.35176981423603754,0.4244567571199799,0.5759555253880073,0.36849511173534893,-0.10260114783208178,-0.5531348535747111,0.29786833971388665,0.06326516717626925],[0.05066034616097296,-0.10585749337930837,0.22530206604612962,0.27328456832470793,-0.0697012395270575,0.06507973658374207,-0.0684775918707582,0.04368740240558814,-0.053198900969362986,0.028592787961511632],[0.021280739721712478,0.05632489492514328,-0.15365028804358752,0.229944637722871,0.12511935455605985,-0.13144202716142322,-0.07043812539273017,0.05408658929768639,0.11955972319915269,0.1171951963416557],[-0.19205268649117702,-0.02516643539198392,0.1418865638021948,-0.09019787630978623,-0.02289245597103995,0.03123985006396969,-0.16125516784514715,0.11859345496075954,-0.22053994356978177,0.10954819304217975],[-0.032943379372442606,0.10239183214093414,-0.014357018754245098,-0.02321439139563031,0.07252640592140694,0.0397788297717663,-0.16675793537568698,-0.041441893703422696,-0.19324360996503026,0.1403943054256752],[0.055267759178067054,-0.05333461194825469,0.012312680085803933,0.05165617656792138,-0.04546487084836169,-0.05471265717515029,0.011511314318498162,0.11098058383832658,-0.138150209155545,-0.08097861414532452],[0.09084363116290074,0.03386819227346165,-0.09386867468485705,-0.03691019241411913,-0.340760515099189,-0.028788537164436082,-0.014069261680106316,-0.01798432049537698,-0.06781920938580713,0.010735999400552428],[-0.3089573164555393,0.026731914537853178,-0.045911880277702516,-0.03504593308002171,-0.05905223966847634,0.23932848358594364,-0.005808414425154116,-0.16005610134529336,0.23541755265698486,-0.1433877861511585],[-0.1730614769480337,0.035794127801999295,-0.20713379093895481,-0.11928985091322789,-0.15047832423153853,-0.19491423524806797,0.07715252753022617,-0.16760178326674544,0.08851689768132742,-0.25527672885948927],[-0.12570019334879015,0.0036817728587583043,-0.25067684511581495,-0.033211663422743884,0.13601892243615252,-0.05702780283540386,0.11174828072871928,-0.09356112218646462,0.02987309350237638,-0.2552951099393361],[-0.337998556935688,0.08361210502043868,-0.1690052289720964,-0.14571466795521643,0.1333703201616714,-0.030138109302262323,0.26501189053762614,0.024578972199802276,0.1807972749023966,-0.4933084180397685],[-0.33384974818777685,-0.013002989661543852,-0.1447930903788332,-0.45670767778844984,-0.18062151831750772,-0.12136943133490352,0.3890252888871962,-0.038044781633232896,-0.08368085030750308,-0.22295791964286554],[-0.29126791480166264,-0.16738609987765182,-0.05111524406142752,-0.5306088172452024,-0.025859530517036787,-0.018269815172581257,0.17928527744516562,-0.1881933973711087,0.3764420550691663,-0.6681329318210304]],"W-output-y-mu":[-0.4438358501443127,0.06779145923834165,-0.13262719496588424,-0.6994579285375289,0.10680563109924165,-0.02673417410757371,0.6728907873781949,-0.06287121298778552,0.4569469055716487,-0.754002546275499]}