{"W-output-y-log-std":[-0.5541503812802201,-0.3913880286599594,-0.7625715409525123,-0.4702163781674229,-0.5334691169142546,-0.3487934411594797,-0.39476586946927583,-0.6068441208907929,-0.29171005469449557,-0.5251475535257525],"b-output-x-log-std":-1.8167526430871386,"b-output-y-mu":0.34244096400016205,"W-output-x-mu":[0.025977915119640465,0.6337005017427408,-0.6132012437933523,0.5031422299648791,0.7531678423016033,0.4032194526258376,-0.2078467777978201,-0.7321730397165597,0.5032927092858983,0.024498921613841013],"b-hidden":[-0.1224013993224935,0.012725061785394952,0.014724567607704946,-0.10843028775678262,-0.10555529063553738,-0.11943181173573122,0.040004430804968794,-0.04461768796610112,-0.09128154837494308,-0.2209330625120394],"b-output-x-mu":-0.5393619659997347,"W-output-x-log-std":[0.03311042065882946,-0.08847712145707759,-0.06971303926528573,0.06296281880967604,-0.10328756794956506,0.04501363851023133,0.005926374142806894,-0.06523093311383288,0.035557070606371824,-0.15855351330754022],"b-output-y-log-std":0.5714268907342728,"W-hidden":[[-0.17470673987475188,-0.23447153172357682,0.3604715451055485,0.008650505897732039,0.06644782881270889,-0.12479357066633236,0.07194840212822144,0.032818077837937845,-0.1829005910545035,0.15421848943415223],[0.07365754218034858,-0.0867189463413531,0.09075994068933474,0.4248641839304902,-0.08465504752787943,0.10059364426926294,-0.16491859353106936,-0.06806571952172705,-0.14881186371195518,0.13663565197748284],[0.03935325451348903,0.10740480308269784,0.27315175126500385,-0.045611959070499974,-0.15974512091125814,0.11962424883926917,0.20679951820041065,0.05726554246029267,0.022822390949990747,0.11902402559501864],[0.0008659742275908258,0.01076795009003786,0.08234922687104199,-0.18363048322657985,0.005807432454184871,0.06659925872838486,0.19040512350490638,0.005270062225365869,-0.10620849520089096,-0.013563825873229683],[-0.026221704742601302,0.057209634032724985,0.04721716154788393,-0.13589429473809458,-0.15209911483170033,-0.08514101894713114,0.02154152907993118,0.17782873625967227,-0.23929719089756638,0.03013235229079544],[0.0655181238698891,-0.1145608935945702,0.21269742905208672,0.11765747166619679,-0.23139556558481464,-0.1316454632466175,0.07073694295389021,0.10076816997050882,0.06056949105028212,-0.006003526236958345],[0.11703513294703737,-0.26491695688456823,-7.68025193249827e-5,-0.0777090695298555,-0.17042014222043694,0.06088134850862207,-0.0158650924282515,-0.1547932293936219,-0.09023364430937884,-0.07882862393464582],[-0.1547694635917257,0.03776049559798445,-0.10677959536915616,0.11484329793755226,0.06345214591332474,0.06897392629339903,0.010466318236410652,0.04510367892050819,0.27302018489795726,0.06023380654980054],[0.15670592666759303,-0.00814874911574119,0.0977354022985336,-0.09857680652046948,-0.06142263437735388,0.1235424357820595,0.09235516039200349,0.10343998171141774,0.13522515633488388,-0.08139408991881619],[-0.15088322892442485,-0.032804273987194904,-0.1831321240416514,0.10067874943711773,0.13864037804602453,0.012207320150589727,-0.02801556504505228,0.0020017385096643965,0.14302305516663721,0.014405945521260698],[-0.16208050304502292,0.06802500035582806,-0.15413257075907846,0.25232978780316895,-0.030483348209995233,0.03515504666823017,-0.0022432430778737467,-0.15347010528197844,0.10190574274034755,0.08150440082662214],[0.10096615500019324,0.27049082830349214,-0.09692541290108886,0.050458876226726006,0.3292562130677351,0.0494163136688976,-0.007486464446561251,-0.18402904704121215,0.16469709203684618,-0.06882110875101577],[0.038146485915816285,0.417099690032756,-0.2876582459460314,0.29751870624276544,0.44680600989635594,0.24618159265768397,-0.09931347834345738,-0.4223273871847128,0.3454560504406916,0.08578498140154962],[0.01662499519776324,0.49935756693717354,-0.35176981423603837,0.42445675711998,0.5759555253880069,0.36849511173534866,-0.10260114783208182,-0.553134853574711,0.2978683397138865,0.06326516717626905],[0.05066034616097272,-0.10585749337930851,0.22530206604612946,0.27328456832470793,-0.06970123952705737,0.06507973658374215,-0.06847759187075814,0.04368740240558828,-0.05319890096936284,0.028592787961511736],[0.021280739721712603,0.05632489492514339,-0.15365028804358755,0.2299446377228706,0.12511935455605996,-0.13144202716142325,-0.07043812539273031,0.054086589297686546,0.11955972319915252,0.11719519634165562],[-0.19205268649117715,-0.025166435391983998,0.14188656380219453,-0.09019787630978633,-0.022892455971039765,0.03123985006396967,-0.16125516784514737,0.11859345496075974,-0.22053994356978163,0.10954819304217964],[-0.032943379372442703,0.10239183214093393,-0.014357018754245098,-0.02321439139563035,0.07252640592140693,0.039778829771766284,-0.16675793537568745,-0.04144189370342287,-0.19324360996502998,0.14039430542567524],[0.05526775917806695,-0.05333461194825476,0.012312680085804014,0.05165617656792137,-0.04546487084836175,-0.05471265717515041,0.011511314318497905,0.11098058383832651,-0.13815020915554496,-0.08097861414532422],[0.09084363116290069,0.03386819227346164,-0.09386867468485718,-0.036910192414119095,-0.34076051509918903,-0.02878853716443609,-0.014069261680106339,-0.017984320495376814,-0.06781920938580716,0.010735999400552506],[-0.3089573164555392,0.026731914537853035,-0.04591188027770226,-0.035045933080021574,-0.05905223966847636,0.23932848358594325,-0.005808414425153986,-0.16005610134529336,0.23541755265698464,-0.14338778615115863],[-0.1730614769480333,0.035794127801999254,-0.20713379093895476,-0.11928985091322776,-0.15047832423153876,-0.19491423524806828,0.07715252753022642,-0.16760178326674507,0.08851689768132774,-0.2552767288594897],[-0.12570019334878973,0.0036817728587580983,-0.2506768451158144,-0.033211663422743815,0.13601892243615238,-0.05702780283540385,0.1117482807287192,-0.09356112218646472,0.029873093502376432,-0.25529510993933574],[-0.3379985569356875,0.08361210502043857,-0.16900522897209633,-0.14571466795521631,0.13337032016167175,-0.030138109302262437,0.2650118905376261,0.024578972199802138,0.18079727490239647,-0.49330841803976866],[-0.3338497481877767,-0.013002989661544024,-0.144793090378833,-0.45670767778844956,-0.1806215183175082,-0.12136943133490344,0.3890252888871971,-0.03804478163323319,-0.08368085030750336,-0.22295791964286568],[-0.291267914801662,-0.16738609987765196,-0.051115244061427235,-0.5306088172452021,-0.025859530517036874,-0.018269815172581524,0.1792852774451659,-0.18819339737110863,0.37644205506916617,-0.6681329318210306]],"W-output-y-mu":[-0.443835850144313,0.0677914592383419,-0.1326271949658839,-0.6994579285375293,0.10680563109924186,-0.026734174107573946,0.6728907873781963,-0.06287121298778588,0.4569469055716477,-0.7540025462754991]}