{"W-output-y-log-std":[0.1473295759937165,-0.7278237461117028,-0.18746395529322632,-0.49513522638564766,0.004293346001259966,-1.2906937462086254,-0.11084655790891995,-0.7595058858453482,-1.0551965869939113,-0.06965461449140778],"b-output-x-log-std":-0.49982820348360646,"b-output-y-mu":-1.8950778304006999,"W-output-x-mu":[1.4066382247281028,0.09063959921566118,0.8070854589241593,0.6477221463007784,0.3507816525624387,-0.09715540520085639,-0.2498091597647657,-0.07472429853306431,0.844466836318526,-0.9575922887934705],"b-hidden":[-0.10394636775044921,0.09971146045257115,-0.18702876053970427,-0.028343836532393925,-0.06460084542558457,0.05990111643823193,-0.1287103909019224,0.02550705814790788,-0.3741798978802743,-0.03887790343412908],"b-output-x-mu":-1.2618650399240348,"W-output-x-log-std":[0.03128177001218616,-0.2895061617570982,-0.3363915812823732,-0.23094727560641606,-0.26380245221694504,-0.6213574459543344,-0.40298422428488173,-0.34781091849787665,-0.4249834675891172,-0.21683138896989315],"b-output-y-log-std":0.3116799806167316,"W-hidden":[[0.09130375944843404,0.09578831867593603,-0.04847523194628824,0.05466161397711525,-0.1319843044185054,0.26025469713613486,-0.06105814429809366,-0.09459329707817243,0.1480121241375543,0.05901603174396219],[-0.019082139869919794,0.09390278788514232,0.16672289740329124,0.09504075140576682,0.11815146227453198,0.18243685337701188,0.20680040763619706,0.10217816690626134,0.1294313837871394,0.21166827079124048],[-0.15520168727427586,0.06868920484350126,-0.12132450820233756,0.14621196622876043,-0.08129676699225882,0.03355210530377768,0.09706760628807926,-0.020379281952364797,0.003526086603046612,-0.05458164556921168],[0.0460027494260656,0.09962461518035116,0.010056646204558655,0.18001490592644342,0.1313999066749333,0.16617866107021764,-0.02754983156853558,0.10671317820223572,-0.017526792563746858,-0.06819552446239893],[-0.03400586598818226,-0.09654292891775612,-0.04617320070620319,0.0005528337777151702,0.045753418904066555,-0.0009599179828367557,-0.042997207436098334,0.16895792822607833,0.04729068829054525,0.17533067517298737],[-0.005634440170486345,0.13828001188909186,-0.011848762739045556,0.019074111200599896,-0.0426937306680529,0.012130246941059448,0.07098561598629564,0.016081855049911966,0.04545371146218869,-0.021089787062185606],[-0.21732202183990973,0.11801377367262116,-0.07906747513560866,-0.07047285791346108,-0.11221127530237218,0.030875262797851393,0.13295401730235684,0.09894652237943641,-0.16345252050556938,0.18372212900995855],[-0.30288077980910466,-0.12290450191912404,-0.012477830592806093,-0.14816367813355205,-0.06163799320462613,0.022859838492392835,-0.021530615969472276,-0.10882119893188606,-0.2332652326889212,-0.0784982164915139],[-0.2602625903060219,0.1503966729033312,-0.07527322325479568,-0.14174455016735796,0.0025969273827086505,0.033852336116981546,0.20600240276866216,-0.07520209596281763,-0.18709975627047085,0.28987356246734025],[-0.14005231995228598,0.05553079021940776,0.061978876688528334,-0.11318176972771245,-0.022568801743203484,0.17300146046220827,-0.015533686205146698,0.13161736277294972,-0.05058931571581278,0.31244149935616755],[0.007117790200837519,-0.1505586551204477,-0.22095441843095634,-0.10043264547163494,0.028954251826193777,0.03023643991949029,-0.12035846232601909,0.03638306836024881,-0.12220803618796784,0.14951435360623314],[0.1350889672269398,-0.046881962083100595,-0.054892140107332885,0.15315463460260742,0.220614913447934,-0.08425368069000132,0.0006630462629354551,-0.08988983700559494,0.16715805358239805,-0.1588233193201271],[0.49084740980190766,0.016740246416846735,0.20240636789964453,0.3476456615947334,0.04513420971364691,-0.13318289966310515,-0.1534102488551364,0.10013104076656043,0.35190752746281057,-0.41392921883929523],[1.2253557468173755,0.04076604718947726,0.7774632368622565,0.39480113126715183,0.25856744956135813,-0.0643582009509552,-0.27397127665511634,-0.14816051028985286,0.6489326873408043,-0.8327168863897851],[-0.20320208076944798,0.0347801344818235,0.011318934273861145,0.16936835693781846,0.008232630301885483,0.2664248390080517,-0.03474780047835552,0.08666361742872404,0.1126972644697467,-0.06928317786318895],[-0.06292103494521097,-0.04110996966648703,0.11135280470609862,0.05195579699988329,0.13862303140891877,0.3256309073112505,-0.008543095784691077,0.20742181388445027,0.1329547202770797,0.017125914750967825],[-0.055343447760734375,0.029160349194940982,-0.06875286984278886,0.1261226679162319,0.049649728515978986,-0.0021579222834363803,0.08993958421457304,0.10332288673107273,-0.06923965167770067,-0.007535100878208359],[-0.160080336431684,-0.0012630244070847485,-0.02862621638704512,0.12243738136130042,-0.22455545364306234,0.26262391382620587,-0.008987269486367864,-0.14878319911582508,0.06355893537305433,-0.06752454630563455],[-0.0721874416191008,-0.10531429956550811,0.16920440603160602,0.0723032424616367,-0.07966205265295107,0.09037283773743464,-0.1687502958574771,-0.00402827186934948,0.13248648814896719,-0.18612229442828288],[0.021141757476528442,-0.0884366098579569,-0.0890087294300793,-0.2978779569065137,-0.09871663230457207,-0.18897747734979764,-0.06616062422622457,0.005894300804105467,-0.009518837103619983,-0.29052287925494025],[0.012207536417432814,0.052462927196427596,-0.24902142103961597,-0.2108905918593605,0.02405372276015023,0.062563092270162,-0.23514192196062733,-0.2910478768868934,0.041570196525931226,-0.1789672647500578],[0.014922409478884312,-0.1977257203808271,-0.14563211225423484,-0.16856179813641894,-0.1748803113434423,-0.2721287291102184,-0.06886472836130934,-0.21278948343247805,-0.16180757287011432,-0.38417890021024503],[0.08577185994720832,-0.14199235889411188,-0.047977874023634286,-0.11708740434160286,-0.02619401151656118,-0.2791580514266824,-0.19487254529292328,-0.24408423018612416,-0.10452685857872233,-0.27215370088698226],[0.14648829925723725,-0.34057648145994956,0.05306702620003676,-0.04359873619652496,0.020847220357820523,-0.3372891422320647,0.06732257092458352,-0.15338163513675115,-0.38328913025125744,-0.08306917059737352],[0.10588713514515126,0.0582701044344815,0.23078596529750203,0.10893636502533448,0.4197594267248895,-0.45724197311051534,0.11824381150682205,-0.24162773805639381,-0.532611277836587,0.5179501102597134],[0.666597807248752,-0.07681220012491029,0.5080760773196551,0.2737404096305149,0.6210581557012504,-0.6040290732485819,0.8231055055178887,-0.0332793012303657,-0.7971740069031998,1.0820852036797353]],"W-output-y-mu":[0.5629433906389103,0.15781946142329473,0.6460346994886519,0.5002309284508005,0.7258718391986698,-0.31047663675008785,0.87496952776971,0.14564298295756573,-0.6885150888018972,1.280354722086268]}