{"bool-W-output":[0.14483092546198684,0.020474006726301414,-0.14079788406915583,-0.02029435808393957,0.08818135370011256,0.2000917524643664,0.03445232183203398,-0.09084242518222209,0.1286509952168767,0.0830643194750723],"b-output-x-mu":-1.100455036589296,"bool-b-output":-0.31577083658850996,"b-output-x-log-std":-0.9065540063917563,"b-output-y-mu":0.6153880045585126,"W-output-x-mu":[0.014473806498299914,0.20444214785302292,0.22359414253888174,0.42573372832223844,-0.18331643487584987,0.21223238015167623,0.30920421549822275,-0.2389609634972123,0.9810572310705793,0.2771528319475226],"bool-b-hidden":[-0.06847117213485622,0.09481662467592639,0.0038484066271033106,-0.006565147449350428,-0.07821798211940584,-0.036649424392373585,0.07569892446453573,-0.06396959783524053,-0.028820471423140072,-0.12857571958963765],"W-hidden":[[0.04797990236829085,-0.15450222921174447,-0.08478663175884152,-0.01166495517986905,-0.10448300432193008,0.001117410118553369,-0.04281589703125197,0.04549348061270375,-0.17576311141974615,-0.19808161919200415],[-0.10265044080616743,-0.08713967089503104,0.04307038115640627,-0.011875233396896792,-0.029769350243629405,0.15860862067105627,0.04281451818600826,0.2324749658367024,0.06457904912890995,-0.0072745408604037165],[0.025956847534512145,-0.0030255699677083697,-0.021030360768239886,-0.051749981256189515,-0.11450513052028578,0.06318292064337044,-0.18012132369082295,0.15699559379967126,-0.1770000742757634,-0.1107245737687022],[0.06062850376786957,0.08789027341357351,0.11185267975771579,-0.23944736542451767,0.07992125760527058,-0.1616763937838997,-0.0432305915961552,0.04843867642221323,-0.16898526837022648,-0.03433235062532648],[-0.06645277541782964,0.051590550336957475,-0.01705374000335914,0.07588470701246869,0.03582929015684253,-0.007996909257903473,-0.1998932824464152,0.0655338068974999,-0.0671756162720625,-0.2940989446679184],[0.11407719629144579,-0.07000679739506424,-0.03557974998080493,0.10222945473721541,-0.06665018599407298,0.010505987849503786,0.010436006452855404,-0.17608000306986119,-0.11803869007078883,0.059133078974618815],[-0.13918878153499806,-0.0010390449957695558,0.23224491277353002,-0.21549444344722832,-0.0070759732169660035,0.1826928148718452,0.03941822774162792,-0.15717713385046994,-0.005342983952362797,0.04848345643722644],[-0.057625748944245325,0.09877417804116827,0.11704638561811127,0.06316492017336434,-0.07720514175273303,0.2613067603992444,-0.06231158714216518,-0.11089457057834291,0.29849998921828597,0.1748598361135889],[-0.008081368225557379,0.2587302590066036,0.2276560682252566,-0.07272158638688139,-0.009818973062121575,-0.14720345009954416,0.05817331588012381,0.0021661435054506524,0.2513188755559148,0.04890795863625142],[0.180785644546305,0.11097102050479261,-0.02110602878989734,0.004521409989772811,-0.10385054688990851,-0.02727789401919148,0.08502769378835813,-0.19701796272007333,0.3048267441044795,0.009487045308502686],[0.08936208495698292,0.0035810783436670225,0.04110980221694251,0.004996269293508549,-0.06780312843069648,-0.08595858730953121,0.23991525498595337,0.01103369246127443,0.530031500072401,0.004736103572406086],[0.04361040040946204,0.1846416803618798,0.07853320122809702,0.20544022773232784,-0.06785545643246677,0.11251565520661662,0.11444149348468957,0.07710074093928901,0.2879226691554165,0.18033017203050766],[0.09801453013698003,0.11663571889690263,0.14981114220902528,0.2571678184490629,-0.2145115539620539,0.2992332547806291,0.17480992836620557,0.06273099546724172,0.48966716672489324,0.23709851363040887],[0.010497635246942357,0.11892606792997375,0.1777773538021774,0.40318830192409394,-0.018170422066062217,0.23529275532043425,0.13544663211902055,-0.15423958238230273,0.5441561195121579,0.07100781048891865],[0.17425060192279848,-0.1532302786033297,0.16516307529598193,0.009834002897921435,-0.08214785669950174,0.06845412298876337,0.05353147117647249,0.0482317930076714,-0.1549786047205789,-0.08630446834233002],[0.07634188953224726,-0.06284626933344226,-0.13297181023394486,0.07189458406506258,-0.03873395154486989,-0.12336837317955096,-0.16260127067796976,0.05706285082760673,0.017701985024273278,-0.1213215441611449],[0.07329490190982797,-0.060029180450090674,0.0028109416944694494,0.07139697371774242,0.034189646304186076,-0.034895075143716585,0.04519809904065497,0.02993454379232482,-0.049714977700318505,0.08514820318683762],[0.012292675481923011,-0.04277224055983246,0.040225376082218274,0.1010147794406247,-0.19001581540635143,0.01518988377616295,-0.07862157589333771,0.0010439126911412548,-0.039087953729024044,0.08128479614389962],[-0.029826006112801343,-0.17809962622083428,0.1538754815417177,0.20590631201330073,-0.09350576747905831,-0.07437367787538601,0.0014144673571049207,-0.015352336718236584,0.14148280305576336,-0.0677864671285527],[-0.0010270745660609173,0.05592297907846677,0.1895395644717057,0.10860628925298318,-0.07954192536335405,-0.016608300978956953,-0.01785146780505776,-0.03775986220482856,0.11173693738797148,-0.013569733879405006],[-0.11071242901779295,-0.08535905285366756,0.04981712962270093,0.07787167950886283,-0.0631904843763852,-0.13723739461240925,-0.2578798650706154,-0.10828254681801364,0.1740558584715906,-0.14755710288533178],[-0.18257104914013053,-0.038954934154527054,0.23008910532501664,-0.17038368556139058,-0.06448512813702187,-0.21583003798881076,0.01849483847462357,-0.182700071220733,-0.07408573977280103,-0.08468142196810113],[-0.31097901455607124,0.08665477516028347,0.193026310134216,0.03310654888601221,-0.2600971367181708,-0.15313139336902706,-0.06805566783706671,0.009203657678454371,0.026065015971637902,-0.06454532362647862],[-0.25964566111504683,0.024223907378838113,0.015497419500933918,0.20306399474909198,-0.03458219186955285,-0.00826817656129314,-0.07510634889785446,-0.02083420833144504,-0.1331805722306652,-0.05078623107552808],[0.0032239721397013276,0.06586294777420618,0.019950044006748407,0.026133748938373457,-0.1449142674357582,-0.11643672473582142,-0.1099518206074331,-0.22802508147618153,0.06908188326753953,-0.07378422349736001],[-0.33120809899041936,-0.10956260472171137,0.18133840509446217,0.027511728011348005,-0.2504277381368919,-0.003185447957793683,-0.12616895379268414,-0.26247336090602474,-0.19737663642580092,-0.20641947399854035]],"W-output-y-mu":[-0.5093285877219214,0.06585382943452762,0.33150013969175834,0.12541159320431675,-0.36132254025886157,-0.19536160603865754,-0.26783465025002684,-0.33912383848799016,-0.05868210084942905,-0.15112566582383455],"b-hidden":[-0.16304881343583597,-0.1420415918375457,0.0916753497796674,0.005243926546728692,0.04138521588319036,-0.011829893581701428,0.1385133500261749,-0.10686676832513103,-0.01165181430318626,-0.12375538911302708],"b-output-y-log-std":-0.23340418385993758,"W-output-y-log-std":[-0.17657441507235658,-0.2330241111540735,-0.3527865972799818,-0.2925974065421217,-0.32176411798318627,-0.14500034978453435,-0.20727001840169218,-0.42734429602293317,-0.16092086405724032,-0.1539714080732541],"W-output-x-log-std":[-0.09495927935429192,-0.19278086601065833,-0.1593002451469031,-0.22491016729189597,-0.20027597115902948,-0.311396558527489,-0.13834765816749317,-0.027123047063016492,-0.08469603789408044,-0.053177280967615176],