{"W-output-y-log-std":[-0.47314860483725774,-0.5246692267474987,-0.7448144080382857,-0.4079909027328411,-0.6258790476454521,-0.4196004485304154,-0.6166408817810061,-0.6539406673390029,-0.48336221083616315,-0.3576175296880123],"b-output-x-log-std":-1.8758416799411646,"b-output-y-mu":0.2649843523202675,"W-output-x-mu":[0.004826564658408561,0.6954931238287806,-0.6507110951081689,0.47432109955713225,0.8559307712843258,0.39855441754390614,-0.22003144187101528,-0.7686269717763674,0.5049085438530625,-0.005359473392074548],"b-hidden":[-0.14169056962158616,-0.010573076054627284,0.017663868220209742,-0.12084080363440948,-0.11734113503170927,-0.13858660306633844,0.02679879179797533,-0.06589229332313143,-0.11608626442476656,-0.2320538379249115],"b-output-x-mu":-0.6021710942498998,"W-output-x-log-std":[-0.01612001620894032,-0.16864254998358988,-0.04271720837711303,0.1349261570721633,-0.21241677568028947,0.020495323646753497,-0.08375231412486371,-0.025456366909735864,-0.08521803355615604,-0.17606636275189186],"b-output-y-log-std":0.3974850236865664,"W-hidden":[[-0.19985918851260642,-0.20728499798080555,0.28787585106432967,0.04178382519029589,0.09400283771004163,-0.11657036844569763,0.02848618417258414,-0.05374497600541265,-0.17046936931828674,0.1479574291430219],[0.05048062353234844,-0.1116940455829894,0.041647473708361096,0.3908450381482748,-0.09948935224976155,0.10331613812962599,-0.15741787203494984,-0.11107294432632607,-0.12273243621090144,0.06565076300203271],[0.01317062806331906,0.13323921741111186,0.20143212614681993,-0.014757401255212741,-0.13368920959901745,0.12687065392669478,0.16493781064360824,-0.02782471986871944,0.03476218231220139,0.11123329574610605],[-0.018773800967145288,0.015190627538826986,0.033409448701282485,-0.16176924279918742,0.00618452614983616,0.06119753818014574,0.1484979618871708,-0.05360606195599322,-0.11586205732222837,-0.012975510620758498],[-0.043983654597103024,0.04628485072225586,0.014294091453494705,-0.12586947333815865,-0.1703599958439224,-0.09991684016503279,-0.015329635846319876,0.13856447187360196,-0.2615721317794819,0.032494474251191945],[0.0555966502742588,-0.14223478315552804,0.19689121242869098,0.12364484911934,-0.2691357926700587,-0.1554618546676779,0.030690090013852738,0.08219015376573495,0.02114624512250221,0.006814768447793927],[0.11122118531333815,-0.30582292320996957,-0.0010630659281991616,-0.07986340504092695,-0.22366823413946255,0.02914067379481955,-0.05360236451270402,-0.15442641454072073,-0.14099262213789363,-0.061951893652655125],[-0.15382002801801656,-0.011219690981743934,-0.09687135319151453,0.11108914029052226,0.0017293861826473567,0.03308487303239799,-0.027901096293597678,0.06059256788127398,0.21409331306902102,0.08451580720707742],[0.1587615631172883,-0.05742626834483671,0.11087302754743451,-0.10801044038808652,-0.12170749377926283,0.08658657833210966,0.06032240761364123,0.12762434906150738,0.07950295316284013,-0.06014001295717981],[-0.1487315987222487,-0.07172343040759978,-0.17501386721439904,0.08918280317090917,0.09320384162609702,-0.0202898135366128,-0.05235445557011276,0.027832840018110826,0.10024275089711443,0.029747893875058933],[-0.16151631529945804,0.04915415894548556,-0.153869419956759,0.23973776041915842,-0.04866459664187668,0.00977199039221508,-0.015461909968374564,-0.12856008501772676,0.0796326197903236,0.08852002730972108],[0.09993386954221324,0.27895678516442496,-0.11541746782626518,0.04042399959736604,0.34837473181873674,0.03591293385712398,-0.012740221934846226,-0.1700320929357976,0.16880750037379624,-0.07160206568649735],[0.03498954380908792,0.46229508233374733,-0.3364628366876645,0.2981545320763403,0.5151277843622577,0.24864108708235946,-0.10321137193999809,-0.4306380576704457,0.38197067630787096,0.07252482000845623],[0.012154865815346663,0.5968206000068585,-0.445400918472081,0.4473404737133673,0.7127962936659521,0.39585072174389774,-0.10999376226466225,-0.5992844299191629,0.37904325629001356,0.039537496363895995],[0.02660652711972349,-0.13216771073122366,0.17692272933076897,0.237310016746976,-0.08630482730995298,0.06669655721094403,-0.06018343152132042,0.0015099470105139055,-0.02799282510257542,-0.04365159335734734],[0.016620703750010953,0.03916475435440474,-0.18278281288898013,0.21927992787358389,0.11809110772856249,-0.12221519716211698,-0.06791245654118462,0.027008106629389305,0.14031619487540506,0.07501340991251472],[-0.17660813603374625,-0.0362450092829276,0.13884110297508126,-0.07905273511863968,-0.023717113315581878,0.04551354460492019,-0.16061604075299832,0.11390348445391445,-0.20678648626256219,0.09733850992697407],[0.0015549721971667946,0.0989514744596082,0.005506753612730161,0.009306530715160395,0.07919071121915834,0.06083044629439036,-0.16712226771664693,-0.027120082522495724,-0.18332771974572476,0.15645687173821923],[0.10562700915272352,-0.04136889724204719,0.047932392356615436,0.10581413902490383,-0.022013682821618384,-0.022894114814084744,0.013068428477731694,0.13721791253487428,-0.12376398031450979,-0.04138071868944935],[0.15459455629896915,0.05238985155597764,-0.029928887239027334,0.029103952107480027,-0.3120415827484657,0.006953895983870392,-0.0034980695939569274,0.03321429704727848,-0.05646249614765214,0.07126150024293282],[-0.23686345311564372,0.05469764199683749,0.04539915638699064,0.03845719577822077,-0.022863158399765923,0.2790149394844245,0.0194584786910355,-0.08490751341964507,0.24774359345364558,-0.06902669629909436],[-0.10260864447021162,0.0771309720125545,-0.09554508933923665,-0.04757725054363907,-0.10282912643467206,-0.14967544245427464,0.12724513931498044,-0.07444643535668952,0.11198862549818918,-0.18282768744078173],[-0.061446829091928286,0.05891576560409215,-0.11846274670583344,0.03244750307950667,0.19450358316578842,-0.007397198172599266,0.19038117797568405,0.017881070697836735,0.06613195771271405,-0.19069270666973728],[-0.2985451564013584,0.16010024080865276,-0.027229139782611343,-0.10241508038364247,0.2088435850794729,0.023538523254044562,0.38740251055013714,0.14430671402368264,0.2427678158332095,-0.46176744662268193],[-0.32727285981841453,0.0898441465114178,0.0008485338931221873,-0.44171958585783694,-0.08305392822145727,-0.06171944285727665,0.5628029414155614,0.0840121799280817,0.013144731183288788,-0.23708912874019625],[-0.32531852224691277,-0.03815920201457652,0.0953806341765946,-0.5521368826126704,0.09265425343152094,0.04634803893465395,0.4112733253599224,-0.06624499697487721,0.5116295962125667,-0.7387102154141159]],"W-output-y-mu":[-0.5423612000198017,0.12047097103474814,-0.027657136648104107,-0.7367146683638238,0.14757306213249888,-0.023142126844087733,0.8054441973115655,-0.0052725676830101004,0.4946503537089132,-0.8693243465437673]}