{"W-output-y-log-std":[0.18632592656446123,0.002942476292600508,-0.04685108780803973,-0.15456665155823393,-0.006790527182169009,0.004429311842270235,-0.10171133535360329,-0.007599680745302331,-0.27134151647840754,-0.28400264378695905],"b-output-x-log-std":-1.3024227516422144,"b-output-y-mu":-1.7899057313729052,"W-output-x-mu":[-0.15416042182185263,0.6512480270198698,-0.021908223668400877,0.7638302743304679,1.0165776956279802,0.5566006830278423,1.3030361173814664,-0.16236524553805728,-0.0627244273942472,0.705536960603202],"b-hidden":[-0.16242461557041663,-0.4392291287406818,-0.294171545979449,-0.30234991539728445,-0.30001516514835364,-0.24631479575015616,-0.24989227480884807,-0.09324315806274731,-0.2950812003842254,-0.3870463565074764],"b-output-x-mu":-1.9354992738886618,"W-output-x-log-std":[-0.28262243761374034,0.020195726165106124,-0.333895989379013,-0.25258256381137756,-0.2730334479888194,-0.07339513562115645,-0.5016499855663881,-0.3608485202084139,-0.05862125787982211,-0.0453356993781382],"b-output-y-log-std":-1.9475126460512235,"W-hidden":[[0.01747281199277513,-0.016396446335495612,0.09285304719112154,0.01238160522567148,-0.030072468136787555,-0.12030656997286707,-0.0873812506809528,0.1986975452774534,-0.09252989567294402,0.0672438883848512],[-0.027121622071699925,-0.13753100550180017,-0.067944725301292,-0.06519936397797264,-0.08213316174923217,0.036769815352005006,-0.2387703964844125,-0.020866496167611787,-0.0374268731736844,0.13920712819448397],[-0.10347229200786874,-0.01765164918821236,-0.04857716918994335,0.01691405291926641,-0.12192381381975329,0.025384813663345426,0.19237285485947786,0.11486461320212175,-0.10284677513381342,-0.11020461651457844],[0.10195746179979927,0.15195917197171793,-0.16338159691758855,-0.02812770623713816,0.0005937807144356003,0.02689573286544684,0.11539470827787561,-0.033274881205983826,0.02356806276004355,-0.009017422865086198],[-0.15628846823908382,0.1237270245889469,-0.038482214360925776,0.1366159271366695,-0.009229147848881717,0.06774810255878846,-0.03242796777586668,-0.11372622099862593,0.21224436844412664,-0.05635486664329893],[0.03841708357383827,-0.03672957340767223,-0.22789265389204677,-0.13289489232931884,0.062427396223316334,0.12899404520484758,-0.03541418515764059,0.15221626378442893,-0.20117181885332958,0.05013869472101042],[0.04210463945331408,-0.10399214340639588,-0.1349319100265606,-0.08248464320249727,0.11931013842836238,-0.09137856930145456,-0.17476820146612895,-0.018286107799967657,0.0398262701304096,-0.252196258505639],[-0.025893279801030813,-0.09137626606686995,0.1399032537824679,-0.08963870315967948,-0.26575958264120964,-0.014934829793792653,-0.3771200398003768,0.06063100991913187,-0.12982970053852957,-0.06971794921207984],[-0.04829341583305128,-0.20039246827651536,0.1253344247214242,-0.11090450354742243,-0.271855381221778,-0.1511240198550891,-0.23303265356031297,0.09966919912384814,-0.016641999544721578,-0.15334629233892194],[-0.17357116278841977,-0.08802560012367663,0.01623966079425315,-0.0918775763076609,-0.16646831530632805,-0.1319962285935208,-0.34740234844531886,-0.0743021335751854,0.0974621306962445,-0.06617534261243038],[-0.03798260116221298,-0.07801700041851485,-0.05713847984201565,-0.08536672999735638,-0.0459498706981671,-0.12042236282687334,-0.12949678857407465,0.0819075587126336,0.0028907419725492395,-0.21728621818809227],[0.019103201184357186,-0.047429375891114615,0.1712485542850771,0.19019775780050927,0.039623713199578386,0.07875085573296853,0.1806145780169921,-0.053731964051382156,0.054728129779091285,0.014626780934234439],[-0.023852372350308158,0.3083521733223563,0.09221862393050327,0.46311824443933886,0.38054839651309125,0.24356582554707737,0.5337802232528475,0.02218730255932395,0.08105159915491625,0.5022756167479684],[-0.15183806949923526,0.6932131880272175,0.09415168953955083,0.737160262533699,1.1230810142107963,0.5447403378130107,1.3452132025325854,-0.1339036061405089,-0.002864267920882618,0.6154692154228496],[0.05689682561628137,0.17882620621047887,-0.1179890799430127,0.17453938095894034,0.03479730950871317,-0.0009046320691916447,-0.006007913381640284,-0.14121389044655577,0.03874566318432703,0.08255682925768273],[-0.1690649531412845,0.10317922980110333,0.08753587549040143,0.07524545513867617,-0.050243858362035564,-0.07984516439914259,-0.09385531035276144,-0.06432988296225456,-0.04400950251543184,0.11682545373656719],[-0.09945211507830348,0.1458938251209897,0.036770851426159955,-0.029169277371493822,0.0202818976771981,0.03910498968829835,-0.1071762924028462,0.026189426413373452,0.03874470143081192,0.10841328492836827],[-0.21844192005650542,-0.006001857854629756,-0.02270864893109186,-0.10325523146902336,0.04709857966633917,-0.1440625286459703,0.015371992947331464,-0.030404783745046727,0.150999684440082,0.06461529637993242],[0.03428320667967297,0.03381282378090633,-0.15395045047627928,-0.00035174571164966724,-0.15028611817901674,-0.22373024449367396,0.06827479524256226,-0.20247838224504325,0.058212211579884855,0.08253675969029087],[-0.21874075486102137,0.2572934623451227,-0.06196590994076271,0.04874345510579649,-0.05663933893268061,0.03381437882938813,-0.09826203458714697,-0.10513258328339355,-0.11406220012645903,-0.012966005888567658],[-0.2541066436574148,0.07302882856700878,0.018969192218696636,-0.11826384809406776,0.15097039667879789,-0.11928120451690896,0.12166396186702863,-0.22133779838221235,-0.2681616424792761,-0.10071827187214219],[-0.19995968211408038,-0.10046077647008454,-0.02804470968698211,-0.12246617772384076,0.044497457948682526,-0.21363425136433137,0.029827381403493666,-0.11081666483659812,-0.032981825971040976,-0.29503208615018806],[-0.35029946170263276,0.05267105229095225,-0.08823257935392619,-0.18593121982649524,0.07531624067541978,0.09992653025420592,-0.0754212487825091,-0.16936241279403874,-0.0435285207919507,-0.05492900417051928],[0.19136754185466978,0.074048550615758,-0.16037124861399166,-0.050948213347453995,0.10017322806040141,0.03263018788933307,-0.09847851063471591,0.2270184887028457,-0.13667459623374245,0.060778620773301206],[0.4227285768933374,0.09705258206607509,0.13261202350462467,0.2881823697944699,-0.32987820523845285,0.4265537390596969,-0.11040825849992866,0.2996708792895105,0.5339557626662297,0.19510400042532797],[0.981536877555674,-0.09292332639083456,0.3197032634651632,0.46310040385765516,-0.369009473455719,0.9227803952475635,-0.3528906703813603,0.98054066812853,0.7734563057267496,0.6568294641352239]],"W-output-y-mu":[1.025977736660749,-0.12020846927208977,0.26870683213752006,0.48147832161285625,-0.5466579050644331,0.8691030687534463,-0.44038128247541375,0.9679900318135323,0.8436858779851049,0.6466856850772159]}