{"bool-W-output":[-0.340505759454034,0.053393480058555216,-0.11841527713646555,-0.0722547354782632,0.03764182292239766,-0.13935414253507292,-0.03909248929662681,-0.058265886415289604,-0.2226871563839894,-0.1501322197788464],"b-output-x-mu":-1.5954648990266238,"bool-b-output":0.41223083391096205,"b-output-x-log-std":0.761439024734917,"b-output-y-mu":-0.5246359269979309,"W-output-x-mu":[0.5204358870845273,0.025854161821452643,0.8240687524274556,0.6712351801272283,0.19698840470422654,-0.3386879559297788,0.10819690428236908,0.5803022137507108,0.48141610755743475,0.04638626640529469],"bool-b-hidden":[0.000757390448287536,-0.07552070913132237,0.06886170162411503,0.006314550706282552,0.09794710564975222,0.0174443024277216,0.0040110012836579185,-0.18917272022530804,0.05044970591040187,0.0029840002810136205],"W-hidden":[[-0.294871753284867,-0.0006423923862290328,-0.007937827182739594,-0.3635107200107503,-0.04766545384701448,0.29050836093416,0.01868773331527515,-0.23991485496443068,-0.13872843698070084,0.03288103418536041],[0.08222074093393389,0.13078993570967046,0.23885123889120302,-0.14797137791569764,-0.022345808446884552,0.21695336731513995,-0.11840598076598909,-0.1367093802790117,0.11774022696819464,0.09901393934163048],[-0.16832726617213378,0.23417502539068663,-0.04534414876422691,-0.2766558852024631,-0.04105503164039815,-0.06785124320665728,0.0004685810307856023,-0.05789271971032906,0.017419662914876146,-0.00027215662365716374],[0.07423336715178665,0.0799506166574137,-0.22151994358550237,-0.16959795410584913,-0.10907657040795292,0.0001785035981357704,0.017988856934889268,-0.19031607387127383,0.06813607827351169,-0.05037671436870604],[0.0275397027369049,-0.03678030956926091,-0.09807935383043982,-0.152604675009649,-0.05168375434495171,-0.10896385234108105,0.15903194522346847,0.07123369642547264,0.27869678441858625,-0.0692886536323673],[0.012858487261611234,0.13319932929926662,-0.019449670609631854,0.05517582134204667,-0.03562333250978392,0.0468815500335325,0.018689452878285173,0.1810478628397956,0.01543255590885168,0.09263068038726349],[0.08638135654540777,0.052130022427731654,0.07770013524617926,0.1029602438904546,-0.17216598995266053,0.19583425818487998,0.0614177479494734,0.19660590251042143,0.1882046842860239,0.13462730289825336],[0.009247863747786533,0.03949017768278778,0.11829117491225377,0.2388885802547186,0.03046250458229331,0.09854903355562852,0.0035972945265114876,0.0015135173503456466,0.20950976779028543,-0.046420013300190625],[0.12985158888265766,-0.1514768719659407,0.25712921573854125,0.05811743703021843,-0.1214612700165015,-0.003868143723182944,0.016840728084536058,0.0800367030612693,-0.13792173630485155,-0.09826042263772525],[0.06628623985888309,-0.0726453688552119,-0.05426526990899934,0.11274608065361673,-0.05432805422438552,-0.20294089035010845,-0.18375529698129148,0.1082979719761424,0.03850483452175522,-0.12854006144854097],[0.09786296806296832,-0.08307112203804268,0.06762596831655893,0.10031697400454827,0.041138550069257145,-0.12390211229681979,0.037041965769278255,0.09732676765356975,-0.030102067588107795,0.0796347868751586],[0.07175697692286458,-0.0780715450903429,0.09706316790432684,0.12382907848078444,-0.16166942231234993,-0.08397682206524987,-0.07374614015033401,0.08534737445107922,-0.015964821862210255,0.07819930948642846],[0.06927360298898948,-0.225671620097391,0.21094105289816967,0.22799214056200082,-0.04170635485966838,-0.18713319915963236,0.01875175604115935,0.09060455457467216,0.16859131404341815,-0.06956211011064764],[0.14848866389545465,0.0007973060467618995,0.2625502788400312,0.1426952002897337,0.00017698990034829885,-0.14394858414202813,0.0163024078031799,0.09968927678733601,0.1548980253944793,-0.01120596029825878],[0.09629143025847249,-0.1449076764198777,0.1496605338323492,0.13490923064093363,0.04923239623523465,-0.2792883301732763,-0.20415074341313746,0.07142716493147681,0.23912621804386056,-0.13901239838561402],[0.08987638207697617,-0.10004406023706444,0.3704312583095775,-0.08378469972419919,0.0838292804334937,-0.37499896757212275,0.0933781666613752,0.04404582805789685,0.01843251733710178,-0.06937030025207662],[0.032554486029181054,0.02818367939030275,0.38648629447216604,0.1591711165419985,-0.07480944443821064,-0.3293535414637918,0.030285519363241007,0.2871754374972138,0.15611083345679966,-0.04018097950392916],[0.08745344738880281,0.04962708349291178,0.04603104669480234,0.015202586817999386,0.18487210069399,0.02131071711019397,0.0367869038921944,0.05797624203352938,-0.22094294568440775,-0.05308673893933579],[0.32885161199502744,0.08089228689014133,5.081716183526817e-5,-0.09514961926956796,0.07222916136271186,-0.06805741541366461,0.028581400909741178,-0.11017787121471982,0.03446109115925138,-0.049108923919334614],[-0.023233974240296804,-0.10497136603256137,0.11895617246502296,-0.03648324079866664,-0.03771032462681661,0.058613614362505076,0.03306663040300889,-0.11329611803531503,-0.18645529123252694,-0.16018641146843804],[-0.10957428210195232,-0.1046275524250488,0.1546340501046808,0.03252321449105147,0.0300952705770515,0.01640941906020708,0.17994004257223176,-0.10516195722328407,0.08162995064096971,-0.08621246821659538],[-0.07501359466408936,-0.05089768490775225,-0.04536272861982743,0.16902697073033146,-0.0032377569982740212,-0.011334403920099921,0.05085824829820324,-0.15069612631903864,0.1356262023305097,0.05150541638746659],[-0.11705433943863454,-0.003513571496949004,-0.0866027234894314,0.03214204918868749,-0.1386538889425319,-0.09534079423962581,-0.2228946163721394,-0.011181567421698558,0.12123288676002048,0.017664448105919585],[0.020895623920882567,-0.077115114306282,-0.20759650135860652,0.17783769226873203,0.07618395239352027,-0.021500350069092143,-0.1875724020070456,0.058821963770822376,-0.1273537022751137,-0.07193947543612927],[-0.05705326756818067,0.051053043303875605,0.05771761353566733,0.10987673704192458,-0.11492760528410458,-0.15363045853560217,-0.09368061229468613,-0.07464278677744063,0.11098851477282012,0.02295411380099027],[-0.2498191635005817,-0.009226755928926066,0.02478623514643622,0.10678870244093716,-0.09361512753426736,-0.06288587508702095,-0.022384255829442024,0.10048342944077504,0.1991136556738444,0.12258816997566617],[0.030607550977674546,-0.006034231555604533,-0.03229896057326541,0.1490716371791974,-0.18094738879228278,0.03860487167715053,-0.10154329317065935,-0.12123851376037013,0.01875924598288297,-0.03556741155307074],[-0.12072704969803598,-0.18354247808242605,-0.11331126778079627,0.16621224528296993,-0.1675783355865868,-0.018331735429628952,-0.04585200237492907,0.1617397189316867,0.036423779279905075,-0.1484614033993585],[-0.2143939611442201,-0.12576008590474635,-0.0937434055075205,0.25898141454117757,-0.0875356857793502,-0.0055273454737264655,-0.05023001872677472,-0.021564150396129345,0.24762030213074793,0.11472656133751175],[-0.2122595558473164,-0.06553945745354255,-0.262222493551479,0.17153129568496905,-0.060859897796838695,0.16380637903972353,0.11973767836935334,0.003067075058244115,0.12413588931724805,0.1753233494942368],[-0.23694713316755978,-0.12740201181585817,-0.3327514220741787,0.4498152295258247,-0.06328997079790329,0.08269280019360375,0.057385782180016935,0.027652014502099174,0.18734606987157382,0.2774718887405908],[-0.41046938719027665,-0.09480054453950222,-0.15112558260785047,0.33604262073951296,-0.0381143493531117,-0.05191530662176222,0.13215970569614527,-0.006531322481405218,0.20497188116550477,0.041476499551968526]],"W-output-y-mu":[-0.5266831150913225,-0.0941079573537502,-0.4576182911725993,0.7303108146749463,-0.13238766107568828,0.1660116230321281,0.20680503255033178,0.28095890152321723,0.5184571355147668,0.27912983865446217],"b-hidden":[0.14152322818077076,0.3984989869397587,0.0025880139663651508,0.13044316576826576,0.027674996546171903,0.1523761302826769,0.22890440637816314,-0.026980412321340907,-0.005309692690730522,0.07313901711879785],"b-output-y-log-std":1.063716810444943,