{"W-output-y-log-std":[-0.4951854590767093,-0.4988048640497916,-0.3436686839081333,-0.21299601204056298,-0.46238609989670876,-0.29756471712739097,-0.1592956246465011,-0.09620805552170653,-0.23687183258611832,-0.2913819420165049],"b-output-x-log-std":-1.0383960243137924,"b-output-y-mu":0.6184663958204274,"W-output-x-mu":[0.5273461376649561,0.6542572925124741,0.017306563648822597,0.15521210198675445,-0.28362530658170926,-0.8705656567049137,-0.6740846860381027,-0.7430312168254269,0.18297868939648937,-0.3395272326462015],"b-hidden":[-0.11774091357471682,-0.07171980978060116,-0.22320592328756741,-0.04962318397912364,-0.10542277024923119,-0.25492855878235354,-0.18194557048536922,-0.087058916228291,-0.2763198226167046,-0.08756826325346244],"b-output-x-mu":0.6076587246975501,"W-output-x-log-std":[-0.45568829265891087,-0.20861491763242238,-0.11472929604895458,-0.3002510737046237,-0.2694674939697688,-0.2748717620777117,-0.07263730853841831,-0.1926212729823394,-0.2179126481215624,-0.2917500771693205],"b-output-y-log-std":-0.548789877163658,"W-hidden":[[0.08020072774212615,-0.07212644628954416,-0.054860749406302735,-0.04493442816892116,-0.007161423195037212,0.1171617305796763,0.08768502819557575,-0.11111545809287372,0.07624721873012447,0.2126435807789287],[0.009160374411889514,-0.04693412726150608,0.10352630746471302,0.009090281649368332,0.05067197536536098,-0.216693494479114,-0.018736731442042513,-0.02536559343166184,0.08462461994858814,0.16603189982091435],[-0.09172830791696959,0.12065871122332583,-0.00025686387760542683,0.01394162939884223,0.14285156657465792,0.04594422155572096,0.2613003940047196,0.08150752122007084,-0.09395419935868174,0.025035765174301686],[0.042658090505459996,-0.11918238887647785,-0.025276132755555635,0.1218187605157955,-0.05631459717805687,0.1130930824018679,0.07637586462578741,0.1042246359344651,-0.0026105730581807134,0.008593832762332347],[-0.05248188921234129,0.06935497320443987,0.1793148639324309,0.09916885437143548,0.18569871051365006,0.015440460815301028,0.1153081305819983,0.17820446083183059,-0.07170519684618391,-0.029820445420033374],[0.05082852964656218,-0.18709338454031055,-0.09792696738790208,-0.029859565982392026,-0.15030892935602017,0.07061952610851759,0.060772775404600035,0.14726137277467535,0.06041096442808909,0.10740576015211296],[-0.06547542757474104,-0.08160146580950407,-0.057338118412679065,0.09968920646408617,-0.14437195783138607,0.06962962197589553,0.04200499260581413,0.12298945162735861,-0.011408240627670882,0.024226914218377065],[-0.16349125580473522,-0.17918719826029186,0.011316796572012343,0.0037312459712536593,0.0971556645156146,0.050561379061316976,0.093661653077514,0.2278312673319443,0.05251431615421119,0.027177342025742436],[-0.009921499252017109,0.013382852270900084,0.10356133447064364,0.038395467923102305,-0.016434972128954548,0.05733782135992437,-0.04196105919120134,0.10237243597381301,-0.053992928381076354,-0.10050146039519271],[0.1284272477203657,-0.009061310054032462,-0.1455781248376407,0.10183554323040961,-0.14168204980243246,0.03300407139257177,-0.07708164107998748,-0.16464578998164567,0.01769936710125956,-0.04102934536727506],[0.10728715191886287,0.2240754797152065,0.022689312982421776,-0.0277357777234311,-0.0317374546510648,-0.20124258911248333,-0.15001098899585655,-0.19740588010461566,-0.15641025433379016,0.009617891380721007],[0.237016990938049,0.17660091499869038,-0.07779729666794653,0.018192099271043004,-0.14578187605869036,-0.3530539918189321,-0.3357884027943356,-0.3302756189078056,0.20347039813754825,-0.017820509603614035],[0.2160024906904924,0.33509467400988413,-0.0317145720428297,0.2643117924395931,-0.04323449989908827,-0.6738843251123252,-0.5000670936376728,-0.4321126195036988,0.23496803675939243,-0.3176893455467809],[0.3718830567456052,0.43105769135100597,0.02276499565807707,-0.032524251544255214,-0.34125760666791216,-0.5962121890702592,-0.42920936615957345,-0.5755512546009999,-0.03459766072030097,-0.2516178573501484],[-0.021320073934176162,0.032404063961766816,0.2151901798683892,0.11508986773854957,-0.038022766322622095,-0.013270918325588472,0.09700364909904736,-0.2205391165441068,0.20159282052547223,-0.006888008885022496],[-0.08148364882634782,-0.028647532073025124,0.11468649714268433,-0.07543418672831989,-0.24953891285522786,0.04248502264054547,0.046065580535302374,-0.050044531502607875,0.003971342998033715,0.08244102713855495],[-0.04060780738343188,-0.019469515932454676,0.0238743506231992,-0.10522101110676454,-0.05965765923800196,0.027601271376455558,0.3193978161143471,-0.06595316457130321,0.053501945544162446,-0.022057946321686086],[-0.06309750105250932,-0.11570091542455498,0.26275981388026654,0.07925503587778011,-0.001733129239813894,-0.07196305194242511,0.07467030869895559,0.03433039897979719,0.053255786026936126,0.06571335790105931],[-0.03904291508817918,-0.012985820250874238,-0.04808450868230862,0.005407494922011422,-0.03966882345785575,0.03671918730483069,0.058617675574258586,-0.10550162863361556,0.16943968969727088,-0.035755053047461405],[-0.1275713830410895,0.01279694996895474,0.0063275689307184585,-0.04830217298398664,0.18428093628152986,0.10704767357430774,0.04282630018870306,0.10301922647143907,-0.003865996426830288,-0.06292535948913361],[-0.14320840676391472,-0.0780454615181263,0.01197909083717637,-0.16192415531250975,-0.12343783122914184,0.04957562289430157,-0.038800637094518836,-0.18210918412566124,0.11601363542966023,0.1656322285119735],[0.15189691037001296,0.0815691603439073,-0.010881902680935467,0.08973579346335563,0.08525428853779143,0.05000638328329849,-0.007101182645043755,-0.058684029501445974,0.13827388615615796,-0.06301454642623737],[0.057061300994225655,-0.0029082635852984906,-0.13891927373807594,-0.019883799536372048,0.07525849415986616,0.10458299148972992,0.056567434604660016,-0.002135987772549431,-0.2523182113501691,-0.39791529135306525],[-0.07938891330142292,0.005859238565072665,-0.1864859720649785,0.05674632184838675,0.35391213908953684,-0.11580694796279237,-0.16933344177491724,0.12371045734964875,-0.31159692182280485,-0.12961956682126055],[0.030309763412461534,0.07391669839207235,-0.21467078363412828,0.057821508624869955,0.4296819123181576,-0.00978915728861536,-0.4257848461307724,0.16360418280473815,-0.49398832283852945,-0.0013935123129922603],[-0.12943767164755998,-0.044560906118216934,-0.44435270875170413,0.20628511051905124,0.5676616538138755,-0.24339778982560364,-0.44718319173973464,0.1702799682872527,-1.0147924030559767,-0.2809809736600192]],"W-output-y-mu":[-0.10369884678604352,-0.0024461220649961576,-0.5204860104466285,0.2105650230932868,0.7919639762175645,-0.1525917263891096,-0.5650869887782592,0.2775441021649096,-1.125698010489892,-0.32375257208183567]}